count,timestamp,log,taskid,retries,functionexectime
1,2024-11-08T08:15:25.198485+00:00,Benchmark passed,6cfac653-2863-4ac2-916e-b0cfea0caa7d,0,942.0
2,2024-11-08T08:15:36.201609+00:00,Benchmark passed,34b9bb53-65b6-4b9e-be06-00804a5956f5,0,934.0
3,2024-11-08T08:15:46.788759+00:00,Benchmark passed,3a5d9d8e-a8d0-4bb0-99dc-beb9e9104842,0,468.0
4,2024-11-08T08:15:57.305289+00:00,Benchmark passed,fa49aa70-52ae-466a-9885-2508d14c6a27,0,439.0
5,2024-11-08T08:16:08.218138+00:00,Benchmark passed,8fbb7c7e-c52f-4fc9-a2db-e39abc8bf7de,0,873.0
6,2024-11-08T08:16:18.699578+00:00,Benchmark passed,bddfc1fd-3bfb-457e-9079-3802983c3ae1,0,432.0
7,2024-11-08T08:16:29.204425+00:00,Benchmark passed,c1064c97-684e-4b28-8035-377a4278fdaf,0,466.0
8,2024-11-08T08:16:40.182109+00:00,Benchmark passed,5e663789-1e7b-41a4-9e82-cd78fb04708d,0,914.0
9,2024-11-08T08:16:50.686893+00:00,Benchmark passed,a811e3d7-56ec-4f89-925b-8a654d681463,0,470.0
10,2024-11-08T08:17:01.190097+00:00,Benchmark passed,6e35dfe7-fff0-4c42-b6eb-6157b3a027a6,0,417.0
11,2024-11-08T08:17:11.824499+00:00,Benchmark passed,c3c6f35e-957c-48b7-927e-048c5937423f,0,501.0
12,2024-11-08T08:17:22.379789+00:00,Benchmark passed,910f2ce2-163b-466a-9ca1-d30212437fd8,0,420.0
13,2024-11-08T08:17:32.989043+00:00,Benchmark passed,69ef8d64-04f9-4de4-888d-c9fb9705f61b,0,476.0
14,2024-11-08T08:17:43.389264+00:00,Benchmark passed,461cc3ca-fe62-4d1f-9f19-f29d9005a625,0,370.0
15,2024-11-08T08:17:53.973958+00:00,Benchmark passed,32e5fc06-cf53-4ead-912f-e5cbe165015e,0,474.0
16,2024-11-08T08:18:04.514259+00:00,Benchmark passed,d3050cfe-38af-4271-885d-507b38a316d4,0,461.0
17,2024-11-08T08:18:14.985799+00:00,Benchmark passed,13e79e78-5449-42a0-86d9-7ca7ff64d9b3,0,433.0
18,2024-11-08T08:18:25.504578+00:00,Benchmark passed,f276dc3f-5c86-44e5-8839-ab38e894a656,0,478.0
19,2024-11-08T08:18:36.097919+00:00,Benchmark passed,98b69c8c-41f6-4965-81aa-4858b88d9e01,0,513.0
20,2024-11-08T08:18:46.698756+00:00,Benchmark passed,e205444a-ed76-4668-b3fe-6c632b591fb1,0,457.0
21,2024-11-08T08:18:57.218290+00:00,Benchmark passed,d7377c8c-9089-4f33-a05f-93c7e90c3815,0,426.0
22,2024-11-08T08:19:07.711679+00:00,Benchmark passed,cb715f53-3322-49f1-b15d-3734063276f2,0,462.0
23,2024-11-08T08:19:18.082126+00:00,Benchmark passed,d9bcd54e-5795-4c81-a4d6-2461efc88c4b,0,335.0
24,2024-11-08T08:19:28.577314+00:00,Benchmark passed,8e88e2d8-f8c6-4423-a536-c207c10dd013,0,446.0
25,2024-11-08T08:19:39.014878+00:00,Benchmark passed,4244bd47-b2cf-4a65-9de4-77e947065352,0,343.0
26,2024-11-08T08:19:49.574318+00:00,Benchmark passed,6e41c116-a61b-4565-8a2a-8ae32a16b547,0,456.0
27,2024-11-08T08:20:00.079361+00:00,Benchmark passed,1ecaf6b4-9918-4dc4-a188-30a8c1c64f5a,0,420.0
29,2024-11-08T08:20:11.210265+00:00,Benchmark passed,76615a3b-4636-4864-8f7f-fe39666ae3ca,1,994.0
30,2024-11-08T08:20:21.708824+00:00,Benchmark passed,e787bad4-2e50-4e46-849e-a76ed31918ab,0,461.0
32,2024-11-08T08:20:32.532190+00:00,Benchmark passed,2da11e51-a51c-40d0-acf1-c3fd43a6e533,1,793.0
32,2024-11-08T08:20:32.532190+00:00,Benchmark passed,2da11e51-a51c-40d0-acf1-c3fd43a6e533,1,793.0
33,2024-11-08T08:20:43.177046+00:00,Benchmark passed,27888b0a-1ed2-4f5c-96cd-e3607d463ec1,0,502.0
34,2024-11-08T08:20:53.801005+00:00,Benchmark passed,a346e1ad-71a5-4af5-9671-46a8f86491f7,0,479.0
35,2024-11-08T08:21:04.233758+00:00,Benchmark passed,9787669a-b88c-4abf-a94c-07c230e28c69,0,398.0
36,2024-11-08T08:21:14.688863+00:00,Benchmark passed,616e5678-2721-45b6-8d58-19725bd54fc9,0,421.0
37,2024-11-08T08:21:25.132960+00:00,Benchmark passed,6fafa7fb-8e2f-4cd3-b248-43efaf24add2,0,378.0
38,2024-11-08T08:21:35.591528+00:00,Benchmark passed,f46f6b68-f3f6-4a8c-be24-ccee3be679a8,0,387.0
39,2024-11-08T08:21:46.010696+00:00,Benchmark passed,45ccdc8b-cf4b-44af-83d6-1b4bb74bf9a1,0,385.0
41,2024-11-08T08:21:56.896869+00:00,Benchmark passed,b5a631b5-abc9-4c78-b350-25710bfcf2bd,1,852.0
42,2024-11-08T08:22:07.509978+00:00,Benchmark passed,574d8270-4be4-4853-a3cd-274e6b28cc5e,0,564.0
43,2024-11-08T08:22:17.904778+00:00,Benchmark passed,7bd4ce1e-07dd-488f-a738-34dee56abea7,0,359.0
45,2024-11-08T08:22:28.811657+00:00,Benchmark passed,8f19b99c-b653-422a-8ea4-e101620e887a,1,870.0
45,2024-11-08T08:22:28.811657+00:00,Benchmark passed,8f19b99c-b653-422a-8ea4-e101620e887a,1,870.0
46,2024-11-08T08:22:39.302059+00:00,Benchmark passed,85309232-4122-42fe-9ccd-6166979b67a4,0,453.0
48,2024-11-08T08:22:50.332635+00:00,Benchmark passed,43f4bc83-87b2-482b-8133-30b1350f0596,1,891.0
