count,timestamp,log,taskid,functionexectime
1,2024-11-08T08:15:24.689034+00:00,Execution finished.,301d6158-2a5a-4b28-885e-fbd92ac8f836,433.0
2,2024-11-08T08:15:35.189742+00:00,Execution finished.,56ca301d-6dad-418c-8012-73475aa1f438,455.0
3,2024-11-08T08:15:45.705136+00:00,Execution finished.,211ff744-9245-464d-84a2-a35b776b891b,434.0
4,2024-11-08T08:15:56.193226+00:00,Execution finished.,75c28a91-950a-46f7-bffc-c6e02edb2a6c,454.0
5,2024-11-08T08:16:06.788164+00:00,Execution finished.,74b2c126-3f15-48b3-a53a-dac373560f63,503.0
6,2024-11-08T08:16:17.258072+00:00,Execution finished.,03a40cbf-984a-4fb9-880d-5da95d51a193,419.0
7,2024-11-08T08:16:27.895714+00:00,Execution finished.,f0e9b125-06b8-4fd4-8a07-d63d73eef0ec,603.0
8,2024-11-08T08:16:38.404750+00:00,Execution finished.,941ab286-5b75-47f2-9450-529bc13642a2,472.0
9,2024-11-08T08:16:48.888699+00:00,Execution finished.,cb32c6ac-030a-40d0-8f83-8db5a606e8db,401.0
10,2024-11-08T08:16:59.494995+00:00,Execution finished.,c33da5b8-dbdd-4d1b-9bad-a7277eed2313,472.0
11,2024-11-08T08:17:09.990789+00:00,Execution finished.,ded13ddd-248d-4395-8235-68a23cf0dc08,420.0
12,2024-11-08T08:17:20.562698+00:00,Execution finished.,6a802ff5-7401-434c-9096-58e457d9dfb9,441.0
13,2024-11-08T08:17:30.975514+00:00,Execution finished.,d828c2b4-d8ef-499f-b435-798bb84f66fe,385.0
14,2024-11-08T08:17:41.588068+00:00,Execution finished.,3fcafff5-86b5-4f43-b350-ea69820283d6,471.0
15,2024-11-08T08:17:52.094338+00:00,Execution finished.,3eb2d666-fdac-40d2-96bd-b188aca1d582,433.0
16,2024-11-08T08:18:02.591638+00:00,Execution finished.,e177ff41-67d9-4e29-b26b-e4b41e4900e2,462.0
17,2024-11-08T08:18:13.083722+00:00,Execution finished.,0cc0ae92-c70b-4d5e-a307-44d31a89faf3,459.0
18,2024-11-08T08:18:23.624836+00:00,Execution finished.,26092f41-cd37-4b51-afd4-8c6731fcbe4a,425.0
19,2024-11-08T08:18:33.988716+00:00,Execution finished.,14506441-3264-46f1-b476-cb98f4adbf7a,332.0
20,2024-11-08T08:18:44.487352+00:00,Execution finished.,8b3eea6f-e06c-4d7e-bec5-c48c8c32c9e8,470.0
21,2024-11-08T08:18:54.992917+00:00,Execution finished.,12dc8ae7-61a7-4b11-8c8c-64a6792f2b57,460.0
22,2024-11-08T08:19:05.500314+00:00,Execution finished.,d8c23633-2945-44a8-a5e9-01f8636182f1,414.0
23,2024-11-08T08:19:16.089567+00:00,Execution finished.,95aedeb4-40ab-4ec3-99cf-bc58a6e76a2a,460.0
24,2024-11-08T08:19:26.587509+00:00,Execution finished.,4a31eccc-5ef8-4233-a1d6-ff5b432e1af7,463.0
25,2024-11-08T08:19:37.127429+00:00,Execution finished.,26c6168a-9f8a-4041-86bd-46ec7c41314f,407.0
26,2024-11-08T08:19:47.606380+00:00,Execution finished.,b0c70428-8cde-4dfc-b24b-f29bff40be9c,449.0
27,2024-11-08T08:19:58.186907+00:00,Execution finished.,595c6705-34c0-4e3d-b988-66f1a91cf70c,469.0
28,2024-11-08T08:20:08.690811+00:00,Execution finished.,c3e35af7-4fc7-48bd-bbb7-d712f945456c,456.0
29,2024-11-08T08:20:19.201917+00:00,Execution finished.,fc77e4b3-2861-493c-a7ce-4b669c11e27f,420.0
30,2024-11-08T08:20:29.681190+00:00,Execution finished.,2f13fc48-eae3-4652-8413-1b13413c10eb,428.0
31,2024-11-08T08:20:40.182482+00:00,Execution finished.,c14c8202-9751-4041-8360-1fefa791d986,468.0
32,2024-11-08T08:20:50.613789+00:00,Execution finished.,0423fce9-c2ad-4653-a9f5-abe2f27d5aba,398.0
33,2024-11-08T08:21:00.969179+00:00,Execution finished.,9b31cda8-d4c6-4ad3-8afe-55a7d9b97eb8,320.0
34,2024-11-08T08:21:11.406617+00:00,Execution finished.,bab478d3-314e-43f2-a116-e8ddc097dd38,367.0
35,2024-11-08T08:21:21.896856+00:00,Execution finished.,93bdf052-65bd-4425-8b81-eeb90cb2731e,460.0
36,2024-11-08T08:21:32.379793+00:00,Execution finished.,76304eab-8a37-4966-a8c7-7f8373d1f1c8,445.0
37,2024-11-08T08:21:42.865258+00:00,Execution finished.,46e6a3cc-b77e-4a46-9e2c-cfdce22d5718,450.0
38,2024-11-08T08:21:53.314545+00:00,Execution finished.,2a7ed00e-c1bc-4e6e-b90b-4b87116e1d3d,388.0
39,2024-11-08T08:22:03.862595+00:00,Execution finished.,1cd236f1-a429-4dda-89f7-3cbd6fa4dc3b,505.0
40,2024-11-08T08:22:14.361718+00:00,Execution finished.,6a9b4e00-f6e2-470e-b393-f65592b4755b,446.0
41,2024-11-08T08:22:24.799130+00:00,Execution finished.,d0259e00-a383-473e-a1bc-4d58cb1c2561,348.0
42,2024-11-08T08:22:35.383061+00:00,Execution finished.,713beb08-e0d2-473a-aae5-15038b60a611,480.0
43,2024-11-08T08:22:45.868113+00:00,Execution finished.,874d65db-fab7-4911-a5c8-e25cf6bb9afe,417.0
